Account,Invoice,Date,Days_Overdue,Product,Phone,Cell,A/P_Name,A/P_Phone,A/P_Email
TROPA MODERN FILIPINO,5305102,2025-05-30,215,SUPPLIES,510-821-3025,,,,
FRONT PORCH RESTAURANT,6235107,2025-06-23,191,SUPPLIES,707-763-1714,,,,
TOMATINA,7025104,2025-07-02,182,SUPPLIES,707-865-2261,530-220-2475,,,
SAL'S KABOB & GYRO GRILL,71850804,2025-07-18,166,SUPPLIES,510-845-5300,,,,
POINT RICHMOND MARKET & DELI,7215102,2025-07-21,163,SUPPLIES,415-870-9946,415-599-6383 cell,,,
TOMATINA,8185104,2025-08-18,135,SUPPLIES,707-865-2261,530-220-2475,,,
RAMON'S MEXICAN RESTAURANT,8195101,2025-08-19,134,SUPPLIES,530-672-1549,,,,
CHINA LIVE,8265101,2025-08-26,127,SUPPLIES,408-899-8999,,,,
MOUNTAIN MIKE'S,8285103,2025-08-28,125,SUPPLIES,415-451-4861,,,,
ARMANDO'S BAR & GRILL,8285104,2025-08-28,125,SUPPLIES,650-222-3712,,Adam,650-862-6642,
TOMATINA,9095104,2025-09-09,113,SUPPLIES,707-865-2261,530-220-2475,,,
IT'S ITALIA,9115101,2025-09-11,111,SUPPLIES,510-234-0412,510-660-9706,,,
TOMATINA,9295101,2025-09-29,93,SUPPLIES,707-865-2261,530-220-2475,,,
OBELISCO RESTAURANT,9305103,2025-09-30,92,SUPPLIES,408-899-8999,,,,
IT'S ITALIA,10015103,2025-10-01,91,SUPPLIES,510-234-0412,510-660-9706,,,
MONICA'S RIVERVIEW,10025106,2025-10-02,90,SUPPLIES,415-974-6922,510-589-2466,owner/chef Luisa,650-200-7502,
CANNETI ROADHOUSE ITALIANA,10035101,2025-10-03,89,SUPPLIES,510-234-0412,510-660-9706,,,
MEKONG KITCHEN ,10035103,2025-10-03,89,SUPPLIES,415-885-0750,,Kit,,Dennis-cell
WILLI'S SEAFOOD & RAW BAR,10135101,2025-10-13,79,SUPPLIES,408-899-8999,,,,
CHINA LIVE VENTURES,10145102,2025-10-14,78,SUPPLIES,408-899-8999,,,,
MOUNTAIN MIKE'S,10185101,2025-10-18,74,SUPPLIES,415-451-4861,,,,
BRAVAS DE TAPAS,10156109,2025-10-16,76,SUPPLIES,415-775-2200,,Jesse,,
TOMATINA,10315101,2025-10-31,61,SUPPLIES,707-865-2261,530-220-2475,,,
TOMATINA,11055101,2025-11-06,55,SUPPLIES,707-865-2261,530-220-2475,,,
SAN PABLO LIQUOR STORE,11105102,2025-11-10,51,SAM4SLICENS,408-899-8999,,,,
CELIA'S/XALISCO CORP,11195101,2025-11-19,42,SUPPLIES,510-234-0412,510-660-9706,,,
